"RK",TIERS,"PLAYER NAME",TEAM,"FANTASYPTS","YDS","TDS","REC","YDS","TDS","ATT","YDS","TDS"
"1",1,"Christian McCaffrey",SF,"357.8","0","0","67","564","7","272","1459","14"
"2",1,"CeeDee Lamb",DAL,"335.7","0","0","135","1749","12","14","113","2"
"3",1,"Tyreek Hill",MIA,"316.9","0","0","119","1799","13","6","15","0"
"4",1,"Breece Hall",NYJ,"252.5","0","0","76","591","4","223","994","5"
"5",1,"Bijan Robinson",ATL,"217.3","0","0","58","487","4","214","976","4"
"6",1,"Ja'Marr Chase",CIN,"212.7","0","0","100","1216","7","3","-6","0"
"7",1,"Amon-Ra St. Brown",DET,"271.4","0","0","119","1515","10","4","24","0"
"8",1,"Justin Jefferson",MIN,"168.2","0","0","68","1074","5","1","-12","0"
"9",2,"A.J. Brown",PHI,"236.6","0","0","106","1456","7","0","0","0"
"10",2,"Garrett Wilson",NYJ,"165.7","0","0","95","1042","3","4","0","0"
"11",2,"Jonathan Taylor",IND,"146.9","0","0","19","153","1","169","741","7"
"12",2,"Jahmyr Gibbs",DET,"216.1","0","0","52","316","1","182","945","10"
"13",2,"Saquon Barkley",PHI,"202.7","0","0","41","280","4","247","962","6"
"14",2,"Puka Nacua",LAR,"246","0","0","105","1486","6","12","89","0"
"15",3,"Marvin Harrison Jr.",ARI,"0","0","0","0","0","0","0","0","0"
"16",3,"Drake London",ATL,"139.9","0","0","69","905","2","0","0","0"
"17",3,"Derrick Henry",BAL,"232.7","0","0","28","214","0","280","1167","12"
"18",3,"Travis Etienne Jr.",JAC,"253.4","0","0","58","476","1","267","1008","11"
"19",3,"Davante Adams",LV,"213.9","0","0","103","1144","8","0","0","0"
"20",3,"Chris Olave",NO,"187.8","0","0","87","1123","5","0","0","0"
"21",3,"Mike Evans",TB,"243","0","0","79","1255","13","0","0","0"
"22",3,"Deebo Samuel Sr.",SF,"213.7","0","0","60","892","7","37","225","5"
"23",3,"Kyren Williams",LAR,"239","0","0","32","206","3","228","1144","12"
"24",3,"Nico Collins",HOU,"220.4","0","0","80","1297","8","1","7","0"
"25",3,"Josh Allen",BUF,"410.6","4306","29","0","0","0","111","524","15"
"26",3,"Isiah Pacheco",KC,"191.9","0","0","44","244","2","205","935","7"
"27",3,"Jaylen Waddle",MIA,"162.6","0","0","72","1014","4","3","12","0"
"28",3,"Brandon Aiyuk",SF,"211.7","0","0","75","1342","7","0","0","0"
"29",3,"De'Von Achane",MIA,"177.2","0","0","27","197","3","103","800","8"
"30",3,"Cooper Kupp",LAR,"134.9","0","0","59","737","5","1","-3","0"
"31",3,"Jalen Hurts",PHI,"371.8","3858","23","0","0","0","157","605","15"
"32",4,"Sam LaPorta",DET,"196.3","0","0","86","889","10","1","4","0"
"33",4,"DK Metcalf",SEA,"192.4","0","0","66","1114","8","0","0","0"
"34",4,"Travis Kelce",KC,"172.9","0","0","93","984","5","0","0","0"
"35",4,"Josh Jacobs",GB,"162.6","0","0","37","296","0","233","805","6"
"36",4,"Patrick Mahomes II",KC,"294.2","4183","27","0","0","0","75","389","0"
"37",4,"DJ Moore",CHI,"238.5","0","0","96","1364","8","4","21","1"
"38",4,"Lamar Jackson",BAL,"338.2","3678","24","0","0","0","148","821","5"
"39",4,"DeVonta Smith",PHI,"187.1","0","0","81","1066","7","0","0","0"
"40",4,"Michael Pittman Jr.",IND,"195.7","0","0","109","1152","4","0","0","0"
"41",4,"Malik Nabers",NYG,"0","0","0","0","0","0","0","0","0"
"42",4,"Amari Cooper",CLE,"191","0","0","72","1250","5","0","0","0"
"43",4,"Kenneth Walker III",SEA,"184.9","0","0","29","259","1","219","905","8"
"44",4,"James Cook",BUF,"210.7","0","0","44","445","4","237","1122","2"
"45",4,"Joe Mixon",HOU,"241","0","0","52","376","3","257","1034","9"
"46",4,"Rachaad White",TB,"235.9","0","0","64","549","3","272","990","6"
"47",5,"Tee Higgins",CIN,"116.6","0","0","42","656","5","0","0","0"
"48",5,"Mark Andrews",BAL,"112.9","0","0","45","544","6","1","0","0"
"49",5,"Rashee Rice",KC,"173","0","0","79","938","7","1","-3","0"
"50",5,"Trey McBride",ARI,"141","0","0","81","825","3","0","0","0"
"51",5,"Alvin Kamara",NO,"195.5","0","0","75","466","1","180","694","5"
"52",5,"Stefon Diggs",HOU,"220.3","0","0","107","1183","8","1","5","0"
"53",5,"George Pickens",PIT,"177.3","0","0","63","1140","5","3","18","0"
"54",5,"Anthony Richardson",IND,"73.7","577","3","0","0","0","25","136","4"
"55",5,"Terry McLaurin",WAS,"163.7","0","0","79","1002","4","0","0","0"
"56",5,"Zay Flowers",BAL,"167.9","0","0","77","858","5","8","56","1"
"57",5,"C.J. Stroud",HOU,"280.5","4108","23","0","0","0","39","167","3"
"58",5,"Kyler Murray",ARI,"151.4","1799","10","0","0","0","44","244","3"
"59",5,"Tank Dell",HOU,"141.5","0","0","47","709","7","11","51","0"
"60",5,"James Conner",ARI,"188","0","0","27","165","2","208","1040","7"
"61",5,"David Montgomery",DET,"199.2","0","0","16","117","0","219","1015","13"
"62",5,"Christian Kirk",JAC,"121.8","0","0","57","787","3","1","6","0"
"63",5,"Dalton Kincaid",BUF,"113.8","0","0","73","673","2","0","0","0"
"64",5,"Aaron Jones",MIN,"119.9","0","0","30","233","1","142","656","2"
"65",5,"Rhamondre Stevenson",NE,"126.7","0","0","38","238","0","156","619","4"
"66",5,"Joe Burrow",CIN,"153.2","2309","15","0","0","0","31","88","0"
"67",5,"Chris Godwin",TB,"167.7","0","0","83","1024","2","4","38","1"
"68",5,"Dak Prescott",DAL,"351.8","4516","36","0","0","0","55","242","2"
"69",6,"Calvin Ridley",TEN,"191.9","0","0","76","1016","8","9","23","0"
"70",6,"Najee Harris",PIT,"181","0","0","29","170","0","255","1035","8"
"71",6,"Diontae Johnson",CAR,"127.2","0","0","51","717","5","0","0","0"
"72",6,"Raheem Mostert",MIA,"255.2","0","0","25","175","3","209","1012","18"
"73",6,"D'Andre Swift",CHI,"179.8","0","0","39","214","1","229","1049","5"
"74",6,"Kyle Pitts",ATL,"110.8","0","0","53","667","3","1","-4","0"
"75",6,"Jordan Love",GB,"330.1","4159","32","0","0","0","50","247","4"
"76",6,"Javonte Williams",DEN,"155.7","0","0","47","228","2","217","774","3"
"77",6,"Keenan Allen",CHI,"224.9","0","0","108","1243","7","2","6","0"
"78",6,"George Kittle",SF,"170.7","0","0","65","1020","6","1","2","0"
"79",6,"Zamir White",LV,"66.4","0","0","15","98","0","104","451","1"
"80",6,"Tony Pollard",TEN,"195.1","0","0","55","311","0","252","1005","6"
"81",6,"Jayden Reed",GB,"185.2","0","0","64","793","8","11","119","2"
"82",6,"Jayden Daniels",WAS,"0","0","0","0","0","0","0","0","0"
"83",6,"Evan Engram",JAC,"173.3","0","0","114","963","4","0","0","0"
"84",6,"Brian Robinson Jr.",WAS,"180.1","0","0","36","368","4","178","733","5"
"85",6,"Jaxon Smith-Njigba",SEA,"118.3","0","0","63","628","4","0","0","0"
"86",6,"Devin Singletary",NYG,"152.3","0","0","30","193","0","216","898","4"
"87",6,"Brock Purdy",SF,"306.6","4280","31","0","0","0","39","144","2"
"88",6,"DeAndre Hopkins",TEN,"186.1","0","0","75","1057","7","2","9","0"
"89",6,"Jaylen Warren",PIT,"165.9","0","0","61","370","0","149","784","4"
"90",6,"Xavier Worthy",KC,"0","0","0","0","0","0","0","0","0"
"91",6,"Jake Ferguson",DAL,"141.6","0","0","71","761","5","0","0","0"
"92",6,"Christian Watson",GB,"87.3","0","0","28","422","5","4","11","0"
"93",6,"Rome Odunze",CHI,"0","0","0","0","0","0","0","0","0"
"94",6,"Caleb Williams",CHI,"0","0","0","0","0","0","0","0","0"
"95",6,"David Njoku",CLE,"160.7","0","0","81","882","6","0","0","0"
"96",7,"Tyjae Spears",TEN,"127.8","0","0","52","385","1","100","453","2"
"97",7,"Courtland Sutton",DEN,"160.7","0","0","59","772","10","0","0","0"
"98",7,"Tua Tagovailoa",MIA,"284.4","4624","29","0","0","0","35","74","0"
"99",7,"Zack Moss",CIN,"156.1","0","0","27","192","2","183","794","5"
"100",7,"Brian Thomas Jr.",JAC,"0","0","0","0","0","0","0","0","0"
"101",7,"Chase Brown",CIN,"46.5","0","0","14","156","1","44","179","0"
"102",7,"Jared Goff",DET,"303.1","4575","30","0","0","0","32","21","2"
"103",7,"Trevor Lawrence",JAC,"276.5","4016","21","0","0","0","70","339","4"
"104",7,"Ladd McConkey",LAC,"0","0","0","0","0","0","0","0","0"
"105",7,"Brock Bowers",LV,"0","0","0","0","0","0","0","0","0"
"106",7,"Marquise Brown",KC,"109.2","0","0","51","574","4","2","23","0"
"107",7,"Jerome Ford",CLE,"189.2","0","0","44","319","5","204","813","4"
"108",7,"Jordan Addison",MIN,"186.3","0","0","70","911","10","1","2","0"
"109",7,"Dallas Goedert",PHI,"106.8","0","0","59","592","3","1","1","0"
"110",7,"Jonathon Brooks",CAR,"0","0","0","0","0","0","0","0","0"
"111",7,"Austin Ekeler",WAS,"159.9","0","0","51","436","1","179","628","5"
"112",7,"Gus Edwards",LAC,"181","0","0","12","180","0","198","810","13"
"113",7,"Jameson Williams",DET,"68.3","0","0","24","354","2","3","29","1"
"114",7,"Keon Coleman",BUF,"0","0","0","0","0","0","0","0","0"
"115",7,"Kirk Cousins",ATL,"154.7","2331","18","0","0","0","14","25","0"
"116",7,"Justin Herbert",LAC,"240.7","3134","20","0","0","0","52","228","3"
"117",7,"Joshua Palmer",LAC,"87.7","0","0","38","581","2","1","6","0"
"118",7,"Tyler Lockett",SEA,"162.9","0","0","79","894","5","0","0","0"
"119",7,"Jakobi Meyers",LV,"183.1","0","0","71","807","8","4","24","2"
"120",7,"Ezekiel Elliott",DAL,"149","0","0","51","313","2","184","642","3"
"121",7,"Pat Freiermuth",PIT,"60.8","0","0","32","308","2","0","0","0"
"122",7,"Blake Corum",LAR,"0","0","0","0","0","0","0","0","0"
"123",7,"Matthew Stafford",LAR,"254.1","3965","24","0","0","0","21","65","0"
"124",7,"Romeo Doubs",GB,"144.9","0","0","59","674","8","0","0","0"
"125",7,"Dalton Schultz",HOU,"121","0","0","59","635","5","0","0","0"
"126",7,"Nick Chubb",CLE,"21.1","0","0","4","21","0","28","170","0"
"127",7,"Chuba Hubbard",CAR,"163","0","0","39","233","0","238","902","5"
"128",7,"Khalil Shakir",BUF,"93.6","0","0","39","611","2","1","10","0"
"129",7,"Rashid Shaheed",NO,"132.6","0","0","46","719","5","7","37","0"
"130",8,"Zach Charbonnet",SEA,"89.6","0","0","33","209","0","108","462","1"
"131",8,"Curtis Samuel",BUF,"126.2","0","0","62","613","4","7","39","1"
"132",8,"Trey Benson",ARI,"0","0","0","0","0","0","0","0","0"
"133",8,"Aaron Rodgers",NYJ,"0","0","0","0","0","0","0","0","0"
"134",8,"Brandin Cooks",DAL,"146.2","0","0","54","657","8","5","35","0"
"135",8,"Rico Dowdle",DAL,"83","0","0","17","144","2","89","361","2"
"136",8,"Mike Williams",NYJ,"40.7","0","0","19","249","1","1","3","0"
"137",8,"Jaleel McLaughlin",DEN,"90.5","0","0","31","160","2","76","410","1"
"138",8,"J.K. Dobbins",LAC,"10.7","0","0","2","15","0","8","22","1"
"139",8,"Ty Chandler",MIN,"90.5","0","0","21","159","0","102","461","3"
"140",8,"T.J. Hockenson",MIN,"171.5","0","0","95","960","5","0","0","0"
"141",8,"Geno Smith",SEA,"235.8","3624","20","0","0","0","37","155","1"
"142",8,"Jerry Jeudy",CLE,"114.8","0","0","54","758","2","0","0","0"
"143",8,"Tyler Allgeier",ATL,"128.6","0","0","18","193","1","186","683","4"
"144",8,"Baker Mayfield",TB,"284.1","4044","28","0","0","0","62","163","1"
"145",8,"Deshaun Watson",CLE,"90.8","1115","7","0","0","0","26","142","1"
"146",8,"Josh Downs",IND,"123.1","0","0","68","771","2","0","0","0"
"147",8,"Gabe Davis",JAC,"138.9","0","0","45","746","7","1","-2","0"
"148",8,"Luke Musgrave",GB,"58.2","0","0","34","352","1","0","0","0"
"149",8,"Antonio Gibson",NE,"103.4","0","0","48","389","2","65","265","1"
"150",8,"Dontayvion Wicks",GB,"100.3","0","0","39","581","4","1","1","0"
"151",8,"Hunter Henry",NE,"98.9","0","0","42","419","6","0","0","0"
"152",8,"Will Levis",TEN,"106","1808","8","0","0","0","25","57","1"
"153",8,"Cole Kmet",CHI,"144.6","0","0","73","719","6","3","2","0"
"154",8,"Adonai Mitchell",IND,"0","0","0","0","0","0","0","0","0"
"155",8,"Darnell Mooney",ATL,"63.4","0","0","31","414","1","2","5","0"
"156",8,"MarShawn Lloyd",GB,"0","0","0","0","0","0","0","0","0"
"157",8,"Ray Davis",BUF,"0","0","0","0","0","0","0","0","0"
"158",8,"Adam Thielen",CAR,"179.5","0","0","103","1014","4","1","6","0"
"159",8,"DeMario Douglas",NE,"82.7","0","0","49","561","0","8","41","0"
"160",8,"Ja'Lynn Polk",NE,"0","0","0","0","0","0","0","0","0"
"161",8,"Taysom Hill",NO,"127","0","0","33","291","2","81","401","4"
"162",8,"Tyler Conklin",NYJ,"92.6","0","0","61","621","0","1","0","0"
"163",8,"Michael Wilson",ARI,"95.5","0","0","38","565","3","0","0","0"
"164",8,"Jaylen Wright",MIA,"0","0","0","0","0","0","0","0","0"
"165",8,"Khalil Herbert",CHI,"102.5","0","0","20","134","1","132","611","2"
"166",8,"Cade Otton",TB,"93","0","0","47","455","4","0","0","0"
"167",8,"Rashod Bateman",BAL,"60.5","0","0","32","367","1","1","18","0"
"168",8,"Bucky Irving",TB,"0","0","0","0","0","0","0","0","0"
"169",9,"Daniel Jones",NYG,"63","909","2","0","0","0","40","206","1"
"170",9,"Noah Fant",SEA,"57.4","0","0","32","414","0","0","0","0"
"171",9,"Braelon Allen",NYJ,"0","0","0","0","0","0","0","0","0"
"172",9,"Xavier Legette",CAR,"0","0","0","0","0","0","0","0","0"
"173",9,"Wan'Dale Robinson",NYG,"103.2","0","0","60","525","1","9","87","1"
"174",9,"Bryce Young",CAR,"166.4","2877","11","0","0","0","39","253","0"
"175",9,"Isaiah Likely",BAL,"86.1","0","0","30","411","5","0","0","0"
"176",9,"Sam Darnold",MIN,"24.4","297","2","0","0","0","21","15","1"
"177",9,"Juwan Johnson",NO,"79.3","0","0","37","368","4","0","0","0"
"178",9,"Jordan Mason",SF,"43.2","0","0","3","31","0","40","206","3"
"179",9,"Jahan Dotson",PHI,"100.3","0","0","49","518","4","0","0","0"
"180",9,"Bo Nix",DEN,"0","0","0","0","0","0","0","0","0"
"181",9,"Derek Carr",NO,"249.1","3878","25","0","0","0","32","40","0"
"182",9,"Marvin Mims Jr.",DEN,"59.7","0","0","22","377","1","9","30","0"
"183",9,"Demarcus Robinson",LAR,"74.4","0","0","26","371","4","1","23","0"
"184",9,"Roschon Johnson",CHI,"85.1","0","0","34","209","0","81","352","2"
"185",9,"Baltimore Ravens",BAL,"174","0","0","0","0","0","0","0","0"
"186",9,"San Francisco 49ers",SF,"141","0","0","0","0","0","0","0","0"
"187",9,"New York Jets",NYJ,"154","0","0","0","0","0","0","0","0"
"188",9,"Tank Bigsby",JAC,"22.3","0","0","1","6","0","50","132","2"
"189",9,"Audric Estime",DEN,"0","0","0","0","0","0","0","0","0"
"190",9,"Dallas Cowboys",DAL,"178","0","0","0","0","0","0","0","0"
"191",9,"Cleveland Browns",CLE,"153","0","0","0","0","0","0","0","0"
"192",9,"Ricky Pearsall",SF,"0","0","0","0","0","0","0","0","0"
"193",9,"Jalen McMillan",TB,"0","0","0","0","0","0","0","0","0"
"194",9,"Russell Wilson",PIT,"264.9","3070","26","0","0","0","80","341","3"
"195",9,"Kimani Vidal",LAC,"0","0","0","0","0","0","0","0","0"
"196",9,"Kansas City Chiefs",KC,"134","0","0","0","0","0","0","0","0"
"197",9,"Pittsburgh Steelers",PIT,"143","0","0","0","0","0","0","0","0"
"198",9,"Chigoziem Okonkwo",TEN,"86.4","0","0","54","528","1","2","6","0"
"199",9,"Justin Tucker",BAL,"160","0","0","0","0","0","0","0","0"
"200",9,"Alexander Mattison",LV,"118.2","0","0","30","192","3","180","700","0"
"201",9,"Justice Hill",BAL,"95.3","0","0","28","206","1","84","387","3"
"202",9,"Tyrone Tracy Jr.",NYG,"0","0","0","0","0","0","0","0","0"
"203",9,"Tyler Boyd",TEN,"112.3","0","0","67","667","2","2","11","0"
"204",9,"Brandon Aubrey",DAL,"181","0","0","0","0","0","0","0","0"
"205",9,"Philadelphia Eagles",PHI,"101","0","0","0","0","0","0","0","0"
"206",9,"Harrison Butker",KC,"154","0","0","0","0","0","0","0","0"
"207",9,"Buffalo Bills",BUF,"159","0","0","0","0","0","0","0","0"
"208",9,"Quentin Johnston",LAC,"75","0","0","38","431","2","3","9","0"
"209",9,"Roman Wilson",PIT,"0","0","0","0","0","0","0","0","0"
"210",9,"Jason Sanders",MIA,"146","0","0","0","0","0","0","0","0"
"211",10,"Darius Slayton",NYG,"126","0","0","50","770","4","0","0","0"
"212",10,"Jermaine Burton",CIN,"0","0","0","0","0","0","0","0","0"
"213",10,"Jalin Hyatt",NYG,"48.8","0","0","23","373","0","0","0","0"
"214",10,"Tucker Kraft",GB,"63","0","0","31","355","2","0","0","0"
"215",10,"Ben Sinnott",WAS,"0","0","0","0","0","0","0","0","0"
"216",10,"Jake Elliott",PHI,"156","0","0","0","0","0","0","0","0"
"217",10,"Jake Moody",SF,"131","0","0","0","0","0","0","0","0"
"218",10,"Ka'imi Fairbairn",HOU,"114","0","0","0","0","0","0","0","0"
"219",10,"Houston Texans",HOU,"131","0","0","0","0","0","0","0","0"
"220",10,"Andrei Iosivas",CIN,"43.1","0","0","15","116","4","0","0","0"
"221",10,"Tyler Bass",BUF,"133","0","0","0","0","0","0","0","0"
"222",10,"Younghoe Koo",ATL,"138","0","0","0","0","0","0","0","0"
"223",10,"Dameon Pierce",HOU,"76.2","0","0","13","101","0","145","416","2"
"224",10,"Drake Maye",NE,"0","0","0","0","0","0","0","0","0"
"225",10,"Miami Dolphins",MIA,"152","0","0","0","0","0","0","0","0"
"226",10,"Elijah Moore",CLE,"102.6","0","0","59","640","2","9","11","0"
"227",10,"Mike Gesicki",CIN,"50.9","0","0","29","244","2","0","0","0"
"228",10,"New Orleans Saints",NO,"143","0","0","0","0","0","0","0","0"
"229",10,"Kenneth Gainwell",PHI,"82.4","0","0","30","183","0","84","364","2"
"230",10,"Evan McPherson",CIN,"140","0","0","0","0","0","0","0","0"
"231",10,"Kendre Miller",NO,"38.3","0","0","10","117","0","41","156","1"
"232",10,"Chicago Bears",CHI,"120","0","0","0","0","0","0","0","0"
"233",10,"Jonnu Smith",MIA,"99.2","0","0","50","582","3","1","0","0"
"234",10,"Will Shipley",PHI,"0","0","0","0","0","0","0","0","0"
"235",10,"DJ Chark Jr.",LAC,"98","0","0","35","525","5","0","0","0"
"236",10,"Malachi Corley",NYJ,"0","0","0","0","0","0","0","0","0"
"237",10,"Indianapolis Colts",IND,"139","0","0","0","0","0","0","0","0"
"238",10,"Trey Sermon",IND,"18.8","0","0","3","13","0","35","160","0"
"239",10,"Clyde Edwards-Helaire",KC,"61.6","0","0","17","188","1","70","223","1"
"240",10,"Jamaal Williams",NO,"51.8","0","0","18","62","0","106","306","1"
"241",10,"Samaje Perine",KC,"96.3","0","0","50","455","0","53","238","1"
"242",10,"Kendrick Bourne",NE,"81.5","0","0","37","406","4","1","4","0"
"243",10,"Matt Gay",IND,"157","0","0","0","0","0","0","0","0"
"244",10,"Cameron Dicker",LAC,"151","0","0","0","0","0","0","0","0"
"245",10,"Troy Franklin",DEN,"0","0","0","0","0","0","0","0","0"
"246",10,"Luke McCaffrey",WAS,"0","0","0","0","0","0","0","0","0"
"247",10,"Miles Sanders",CAR,"74.1","0","0","27","154","0","129","432","1"
"248",10,"Justin Fields",PIT,"239.2","2562","16","0","0","0","124","657","4"
"249",10,"Gardner Minshew II",LV,"205.2","3305","15","0","0","0","34","100","3"
"250",10,"Dylan Laube",LV,"0","0","0","0","0","0","0","0","0"
"251",10,"Cairo Santos",CHI,"158","0","0","0","0","0","0","0","0"
"252",10,"Zach Ertz",WAS,"38.2","0","0","27","187","1","0","0","0"
"253",10,"Greg Dortch",ARI,"52.5","0","0","24","280","2","1","5","0"
"254",10,"Michael Mayer",LV,"57.9","0","0","27","304","2","0","0","0"
"255",10,"Josh Reynolds",DEN,"108.8","0","0","40","608","5","0","0","0"
"256",10,"Javon Baker",NE,"0","0","0","0","0","0","0","0","0"
"257",10,"Detroit Lions",DET,"107","0","0","0","0","0","0","0","0"
"258",10,"Keaton Mitchell",BAL,"65.4","0","0","9","93","0","47","396","2"
"259",10,"Ja'Tavion Sanders",CAR,"0","0","0","0","0","0","0","0","0"
"260",10,"Dustin Hopkins",CLE,"149","0","0","0","0","0","0","0","0"
"261",10,"Odell Beckham Jr.",MIA,"90","0","0","35","565","3","0","0","0"
"262",10,"A.T. Perry",NO,"54.6","0","0","12","246","4","0","0","0"
"263",10,"Jason Myers",SEA,"158","0","0","0","0","0","0","0","0"
"264",10,"Jalen Tolbert",DAL,"47.8","0","0","22","268","2","0","0","0"
"265",10,"Jonathan Mingo",CAR,"63.3","0","0","43","418","0","0","0","0"
"266",10,"Cam Akers",HOU,"41.2","0","0","11","70","0","60","167","2"
"267",10,"Eric Gray",NYG,"10","0","0","6","22","0","17","48","0"
"268",10,"Gerald Everett",CHI,"85.6","0","0","51","411","3","3","10","0"
"269",10,"Treylon Burks",TEN,"31.9","0","0","16","221","0","5","18","0"
"270",10,"Dawson Knox",BUF,"43.6","0","0","22","186","2","0","0","0"
"271",10,"Cincinnati Bengals",CIN,"118","0","0","0","0","0","0","0","0"
"272",10,"K.J. Osborn",NE,"96","0","0","48","540","3","0","0","0"
"273",10,"D'Onta Foreman",CLE,"85.7","0","0","11","77","1","109","425","4"
"274",10,"Minnesota Vikings",MIN,"124","0","0","0","0","0","0","0","0"
"275",10,"Jacksonville Jaguars",JAC,"120","0","0","0","0","0","0","0","0"
"276",10,"Cordarrelle Patterson",PIT,"32.4","0","0","9","38","1","50","181","0"
"277",10,"Greg Dulcich",DEN,"4","0","0","3","25","0","0","0","0"
"278",10,"Alec Pierce",IND,"79.4","0","0","32","514","2","0","0","0"
"279",11,"Daniel Carlson",LV,"121","0","0","0","0","0","0","0","0"
"280",11,"Zay Jones",ARI,"61.1","0","0","34","321","2","0","0","0"
"281",11,"Greg Zuerlein",NYJ,"143","0","0","0","0","0","0","0","0"
"282",11,"Cedric Tillman",CLE,"33.7","0","0","21","224","0","1","8","0"
"283",11,"Deuce Vaughn",DAL,"11.5","0","0","7","40","0","23","40","0"
"284",11,"Pierre Strong Jr.",CLE,"40.3","0","0","5","47","0","63","291","1"
"285",11,"Trey Palmer",TB,"76.2","0","0","39","385","3","3","22","0"
"286",11,"Colby Parkinson",LAR,"49.2","0","0","25","247","2","0","0","0"
"287",11,"Devontez Walker",BAL,"0","0","0","0","0","0","0","0","0"
"288",11,"Green Bay Packers",GB,"115","0","0","0","0","0","0","0","0"
"289",11,"D'Ernest Johnson",JAC,"29.8","0","0","10","140","0","41","108","0"
"290",11,"Isaac Guerendo",SF,"0","0","0","0","0","0","0","0","0"
"291",11,"Jacoby Brissett",NE,"22.9","224","3","0","0","0","3","19","0"
"292",11,"Aidan O'Connell",LV,"132.8","2218","12","0","0","0","17","11","1"
"293",11,"Blake Grupe",NO,"150","0","0","0","0","0","0","0","0"
"294",11,"Emari Demercado",ARI,"62.8","0","0","21","119","0","58","284","2"
"295",11,"Noah Brown",WAS,"85.1","0","0","33","567","2","1","-1","0"
"296",11,"Jeff Wilson Jr.",MIA,"34.3","0","0","14","85","0","41","188","0"
"297",11,"Theo Johnson",NYG,"0","0","0","0","0","0","0","0","0"
"298",11,"Israel Abanikanda",NYJ,"12.8","0","0","7","43","0","22","70","0"
"299",11,"Brenden Rice",LAC,"0","0","0","0","0","0","0","0","0"
"300",11,"Dalvin Cook",DAL,"32.7","0","0","15","78","0","67","214","0"
"301",11,"Denver Broncos",DEN,"118","0","0","0","0","0","0","0","0"
"302",11,"Ronnie Rivers",LAR,"17.6","0","0","5","22","0","32","129","0"
"303",11,"Jacob Cowing",SF,"0","0","0","0","0","0","0","0","0"
"304",11,"Evan Hull",IND,"1.2","0","0","1","6","0","1","1","0"
"305",11,"Hayden Hurst",LAC,"33.4","0","0","18","184","1","0","0","0"
"306",11,"Las Vegas Raiders",LV,"146","0","0","0","0","0","0","0","0"
"307",11,"Tyler Higbee",LAR,"85","0","0","47","495","2","0","0","0"
"308",11,"Carson Steele",KC,"0","0","0","0","0","0","0","0","0"
"309",11,"Kalif Raymond",DET,"79.9","0","0","35","489","1","7","75","0"
"310",11,"Chris Rodriguez Jr.",WAS,"36.9","0","0","2","12","0","51","247","2"
"311",11,"Michael Carter",ARI,"46.8","0","0","24","101","1","30","187","0"
"312",11,"Dyami Brown",WAS,"29","0","0","12","168","1","1","0","0"
"313",11,"Robert Woods",HOU,"69.3","0","0","40","426","1","1","7","0"
"314",11,"Tutu Atwell",LAR,"92.9","0","0","39","483","3","5","31","0"
"315",11,"Tyler Scott",CHI,"27.4","0","0","17","168","0","7","41","0"
"316",11,"Kylen Granson",IND,"58","0","0","30","368","1","1","2","0"
"317",11,"Rasheen Ali",BAL,"0","0","0","0","0","0","0","0","0"
"318",11,"Daniel Bellinger",NYG,"38","0","0","25","255","0","0","0","0"
"319",11,"Malik Washington",MIA,"0","0","0","0","0","0","0","0","0"
"320",11,"Emanuel Wilson",GB,"12.8","0","0","4","23","0","14","85","0"
"321",11,"New England Patriots",NE,"109","0","0","0","0","0","0","0","0"
"322",11,"Tre Tucker",LV,"62.3","0","0","19","331","2","10","77","0"
"323",12,"Van Jefferson",PIT,"31.3","0","0","20","209","0","1","4","0"
"324",12,"Ty Johnson",BUF,"28.9","0","0","7","62","1","30","132","0"
"325",12,"Jordan Whittington",LAR,"0","0","0","0","0","0","0","0","0"
"326",12,"Jauan Jennings",SF,"42","0","0","19","265","1","0","0","0"
"327",12,"Michael Penix Jr.",ATL,"0","0","0","0","0","0","0","0","0"
"328",12,"Calvin Austin III",PIT,"44.2","0","0","17","180","1","11","57","1"
"329",12,"Tim Patrick",DET,"0","0","0","0","0","0","0","0","0"
"330",12,"Will Dissly",LAC,"31.7","0","0","17","172","1","0","0","0"
"331",12,"Nelson Agholor",BAL,"79.6","0","0","35","381","4","0","0","0"
"332",12,"Jake Bates",DET,"0","0","0","0","0","0","0","0","0"
"333",12,"Isaiah Spiller",FA,"16","0","0","6","34","0","37","96","0"
"334",12,"Kareem Hunt",FA,"111","0","0","15","84","0","135","411","9"
"335",12,"Allen Lazard",NYJ,"48.6","0","0","23","311","1","0","0","0"
"336",12,"Bo Melton",GB,"37.9","0","0","16","218","1","3","21","0"
"337",12,"Marquez Valdes-Scantling",BUF,"46","0","0","21","315","1","0","0","0"
"338",12,"Jalen Nailor",MIN,"4.4","0","0","3","29","0","0","0","0"
"339",12,"Kadarius Toney",FA,"39.5","0","0","27","169","1","11","31","0"
"340",12,"Ray-Ray McCloud III",ATL,"22.5","0","0","12","135","0","3","30","0"
"341",12,"Tampa Bay Buccaneers",TB,"133","0","0","0","0","0","0","0","0"
"342",12,"Jerick McKinnon",FA,"71.9","0","0","25","192","4","21","60","1"
"343",12,"Noah Gray",KC,"56.6","0","0","28","305","2","1","1","0"
"344",12,"Xavier Gipson",NYJ,"48.2","0","0","21","229","0","8","68","1"
"345",12,"John Metchie III",HOU,"24.2","0","0","16","158","0","1","4","0"
"346",12,"Deneric Prince",MIA,"0","0","0","0","0","0","0","0","0"
"347",12,"Sam Howell",SEA,"278","3946","21","0","0","0","48","263","5"
"348",12,"Seattle Seahawks",SEA,"109","0","0","0","0","0","0","0","0"
"349",12,"Craig Reynolds",DET,"27.1","0","0","5","47","0","41","179","1"
"350",12,"Atlanta Falcons",ATL,"95","0","0","0","0","0","0","0","0"
"351",12,"Salvon Ahmed",FA,"34.9","0","0","16","88","1","22","61","1"
"352",12,"Cedrick Wilson Jr.",NO,"58.6","0","0","22","296","3","0","0","0"
"353",12,"Justin Watson",KC,"75.5","0","0","27","460","3","0","0","0"
"354",12,"Drew Lock",NYG,"32.1","543","3","0","0","0","5","14","0"
"355",12,"Tanner Hudson",CIN,"60.7","0","0","39","352","1","0","0","0"
"356",12,"Royce Freeman",FA,"45.7","0","0","1","13","0","77","319","2"
"357",12,"Isaiah Davis",NYJ,"0","0","0","0","0","0","0","0","0"
"358",12,"Erick All Jr.",CIN,"0","0","0","0","0","0","0","0","0"
"359",12,"Wil Lutz",DEN,"129","0","0","0","0","0","0","0","0"
"360",12,"Josh Oliver",MIN,"42.3","0","0","22","213","2","0","0","0"
"361",12,"Michael Thomas",FA,"70.3","0","0","39","448","1","0","0","0"
"362",12,"Mack Hollins",BUF,"34.1","0","0","18","251","0","0","0","0"
"363",12,"Jameis Winston",CLE,"15","264","2","0","0","0","5","-6","0"
"364",12,"Skyy Moore",KC,"43.2","0","0","21","244","1","3","23","0"
"365",12,"Los Angeles Chargers",LAC,"112","0","0","0","0","0","0","0","0"
"366",12,"Matt Prater",ARI,"130","0","0","0","0","0","0","0","0"
"367",12,"Chris Boswell",PIT,"133","0","0","0","0","0","0","0","0"
"368",12,"Los Angeles Rams",LAR,"83","0","0","0","0","0","0","0","0"
"369",12,"Olamide Zaccheaus",WAS,"33.4","0","0","10","164","2","0","0","0"
"370",12,"Brevin Jordan",HOU,"42.4","0","0","17","219","2","0","0","0"
"371",12,"Tommy Tremble",CAR,"48.9","0","0","23","194","3","0","0","0"
"372",12,"Johnny Wilson",PHI,"0","0","0","0","0","0","0","0","0"
"373",12,"Jeremy Ruckert",NYJ,"23.1","0","0","16","151","0","0","0","0"
"374",12,"Parker Washington",JAC,"31.2","0","0","16","132","2","0","0","0"
"375",12,"New York Giants",NYG,"131","0","0","0","0","0","0","0","0"
"376",12,"Cade Stover",HOU,"0","0","0","0","0","0","0","0","0"
"377",12,"Johnny Mundt",MIN,"31.7","0","0","17","172","1","0","0","0"
"378",12,"Joe Flacco",IND,"108.8","1616","13","0","0","0","9","2","0"
"379",12,"Davis Allen",LAR,"20.5","0","0","10","95","1","0","0","0"
"380",12,"JuJu Smith-Schuster",KC,"46.5","0","0","29","260","1","0","0","0"
"381",12,"Joshua Karty",LAR,"0","0","0","0","0","0","0","0","0"
"382",12,"Jaret Patterson",LAC,"0","0","0","0","0","0","0","0","0"
"383",12,"Sione Vaki",DET,"0","0","0","0","0","0","0","0","0"
"384",12,"Joshua Kelley",FA,"57.7","0","0","8","32","0","107","405","2"
"385",12,"Adam Trautman",DEN,"49.4","0","0","22","204","3","0","0","0"
"386",12,"Chase McLaughlin",TB,"136","0","0","0","0","0","0","0","0"
"387",12,"Trenton Irwin",CIN,"50.1","0","0","25","316","1","0","0","0"
"388",12,"Brandon Powell",MIN,"52.6","0","0","29","324","1","5","17","0"
"389",12,"KaVontae Turpin",DAL,"53.7","0","0","12","127","3","11","110","1"
"390",12,"Tyquan Thornton",NE,"20.7","0","0","13","91","0","3","51","0"
"391",12,"Austin Hooper",NE,"35.9","0","0","25","234","0","0","0","0"
"392",12,"Donald Parham Jr.",DEN,"66","0","0","27","285","4","0","0","0"
"393",12,"Darnell Washington",PIT,"9.6","0","0","7","61","0","0","0","0"
"394",12,"Josh Whyle",TEN,"19.9","0","0","9","94","1","0","0","0"
"395",12,"Kyle Juszczyk",SF,"31.5","0","0","14","119","2","5","6","0"
"396",13,"Cam Little",JAC,"0","0","0","0","0","0","0","0","0"
"397",13,"Tyler Goodson",IND,"15.1","0","0","6","34","0","13","87","0"
"398",13,"Sean Tucker",TB,"4.2","0","0","2","9","0","15","23","0"
"399",13,"Blake Watson",DEN,"0","0","0","0","0","0","0","0","0"
"400",13,"Mo Alie-Cox",IND,"42.6","0","0","13","161","3","0","0","0"
"401",13,"Jake Bobo",SEA,"47.4","0","0","19","196","2","1","3","1"
"402",13,"Ryan Flournoy",DAL,"0","0","0","0","0","0","0","0","0"
"403",13,"Nyheim Hines",CLE,"0","0","0","0","0","0","0","0","0"
"404",13,"Foster Moreau",NO,"35.8","0","0","21","193","1","0","0","0"
"405",13,"Ameer Abdullah",LV,"31.5","0","0","19","131","0","15","89","0"
"406",13,"Kenny McIntosh",SEA,"0","0","0","0","0","0","0","0","0"
"407",13,"Jarrett Stidham",DEN,"27.6","496","2","0","0","0","9","8","0"
"408",13,"Nick Mullens",MIN,"74.7","1306","7","0","0","0","10","25","0"
"409",13,"Jake Browning",CIN,"150.9","1936","12","0","0","0","27","127","3"
"410",13,"Kenny Pickett",PHI,"114.2","2070","6","0","0","0","42","54","1"
"411",13,"Carolina Panthers",CAR,"71","0","0","0","0","0","0","0","0"
"412",13,"Trayveon Williams",CIN,"11.4","0","0","7","10","0","15","69","0"
"413",13,"Keaontay Ingram",KC,"12","0","0","4","26","0","35","74","0"
"414",13,"Luke Schoonmaker",DAL,"22.5","0","0","8","65","2","0","0","0"
"415",13,"Greg Joseph",FA,"119","0","0","0","0","0","0","0","0"
"416",13,"Jase McClellan",ATL,"0","0","0","0","0","0","0","0","0"
"417",13,"Jaheim Bell",NE,"0","0","0","0","0","0","0","0","0"
"418",13,"Matt Breida",FA,"38.4","0","0","17","88","0","55","151","1"
"419",13,"Bub Means",NO,"0","0","0","0","0","0","0","0","0"
"420",13,"Donovan Peoples-Jones",DET,"22","0","0","13","155","0","0","0","0"
"421",13,"Will Mallory",IND,"29.7","0","0","18","207","0","0","0","0"
"422",13,"Jalen Brooks",DAL,"9.4","0","0","6","64","0","0","0","0"
"423",13,"Parris Campbell",PHI,"20.4","0","0","20","104","0","0","0","0"
"424",13,"Ainias Smith",PHI,"0","0","0","0","0","0","0","0","0"
"425",13,"Spencer Rattler",NO,"0","0","0","0","0","0","0","0","0"
"426",13,"Jawhar Jordan",HOU,"0","0","0","0","0","0","0","0","0"
"427",13,"Logan Thomas",FA,"99.3","0","0","55","496","4","1","2","0"
"428",13,"Jamison Crowder",WAS,"27.9","0","0","16","159","1","0","0","0"
"429",13,"Jamari Thrash",CLE,"0","0","0","0","0","0","0","0","0"
"430",13,"Braxton Berrios",MIA,"44.4","0","0","27","238","1","1","11","0"
"431",13,"Tyrod Taylor",NYJ,"90.3","1341","5","0","0","0","38","197","0"
"432",13,"Tennessee Titans",TEN,"102","0","0","0","0","0","0","0","0"
"433",13,"Xavier Hutchinson",HOU,"17.9","0","0","8","90","0","5","49","0"
"434",13,"Alec Ingold",MIA,"18.4","0","0","13","119","0","2","0","0"
"435",13,"Eddy Pineiro",CAR,"109","0","0","0","0","0","0","0","0"
"436",13,"Casey Washington",ATL,"0","0","0","0","0","0","0","0","0"
"437",13,"Nick Westbrook-Ikhine",TEN,"71","0","0","28","370","3","0","0","0"
"438",13,"Will Reichard",MIN,"0","0","0","0","0","0","0","0","0"
"439",13,"Durham Smythe",MIA,"54.1","0","0","35","366","0","0","0","0"
"440",13,"Lucas Krull",DEN,"19.5","0","0","8","95","1","0","0","0"
"441",13,"Kevin Harris",NE,"19.8","0","0","3","58","0","16","65","1"
"442",13,"Chris Moore",ARI,"57.3","0","0","22","424","0","2","39","0"
"443",13,"Washington Commanders",WAS,"64","0","0","0","0","0","0","0","0"
"444",13,"Devaughn Vele",DEN,"0","0","0","0","0","0","0","0","0"
"445",13,"Charlie Jones",CIN,"17.2","0","0","7","64","0","2","13","0"
"446",13,"Graham Gano",NYG,"50","0","0","0","0","0","0","0","0"
"447",13,"Elijah Higgins",ARI,"29.3","0","0","14","163","1","0","0","0"
"448",13,"Jared Wiley",KC,"0","0","0","0","0","0","0","0","0"
"449",13,"Patrick Ricard",BAL,"13.7","0","0","5","52","1","0","0","0"
"450",13,"JaMycal Hasty",NE,"0","0","0","0","0","0","0","0","0"
"451",13,"Hunter Renfrow",FA,"36","0","0","25","255","0","0","0","0"
"452",13,"Nick Folk",TEN,"131","0","0","0","0","0","0","0","0"
"453",13,"KhaDarel Hodge",ATL,"30.2","0","0","14","232","0","1","0","0"
"454",13,"Mecole Hardman Jr.",KC,"18.2","0","0","15","124","0","1","3","0"
"455",13,"Malik Davis",DAL,"0","0","0","0","0","0","0","0","0"
"456",13,"Avery Williams",ATL,"0","0","0","0","0","0","0","0","0"
"457",13,"Brock Wright",DET,"21.6","0","0","13","91","1","0","0","0"
"458",13,"Latavius Murray",FA,"74.4","0","0","17","119","0","79","300","4"
"459",13,"Cody Schrader",LAR,"0","0","0","0","0","0","0","0","0"
"460",13,"Jordan Akins",CLE,"20.7","0","0","15","132","0","0","0","0"
"461",13,"Stone Smartt",LAC,"27","0","0","11","155","1","0","0","0"
"462",13,"Mac Jones",JAC,"118.4","2120","10","0","0","0","26","96","0"
"463",13,"Jeremy McNichols",WAS,"0","0","0","0","0","0","0","0","0"
"464",13,"Laviska Shenault Jr.",SEA,"16.5","0","0","10","60","0","12","55","0"
"465",14,"Brayden Narveson",GB,"0","0","0","0","0","0","0","0","0"
"466",14,"Brandon McManus",FA,"146","0","0","0","0","0","0","0","0"
"467",14,"Raheem Blackshear",CAR,"14.1","0","0","6","45","0","14","46","0"
"468",14,"Anders Carlson",FA,"125","0","0","0","0","0","0","0","0"
"469",14,"Pharaoh Brown",SEA,"31.3","0","0","13","208","1","0","0","0"
"470",14,"Julius Chestnut",TEN,"0","0","0","0","0","0","0","0","0"
"471",14,"Dare Ogunbowale",HOU,"9.3","0","0","2","18","0","8","35","0"
"472",14,"Kene Nwangwu",FA,"1.3","0","0","0","0","0","5","13","0"
"473",14,"Devin Duvernay",JAC,"5.3","0","0","4","18","0","4","15","0"
"474",14,"Cole Turner",WAS,"17.5","0","0","11","120","0","0","0","0"
"475",14,"DeeJay Dallas",ARI,"5.2","0","0","6","26","0","10","36","0"
"476",14,"Derius Davis",LAC,"28.2","0","0","15","66","0","14","101","0"
"477",14,"Keilan Robinson",JAC,"0","0","0","0","0","0","0","0","0"
"478",14,"C.J. Ham",MIN,"6.7","0","0","7","25","0","1","7","0"
"479",14,"AJ Barner",SEA,"0","0","0","0","0","0","0","0","0"
"480",14,"Drew Sample",CIN,"39.3","0","0","22","163","2","0","0","0"
"481",14,"Joshua Dobbs",SF,"210.7","2464","13","0","0","0","77","421","6"
"482",14,"Marcus Mariota",WAS,"12.8","164","1","0","0","0","8","52","0"
"483",14,"Patrick Taylor Jr.",SF,"24.5","0","0","11","49","0","32","141","0"
"484",14,"Isaiah McKenzie",NYG,"11.1","0","0","11","82","0","3","14","0"
"485",14,"Hassan Haskins",LAC,"0","0","0","0","0","0","0","0","0"
"486",14,"Charlie Woerner",ATL,"4.7","0","0","3","32","0","0","0","0"
"487",14,"Robert Tonyan",MIN,"16.7","0","0","11","112","0","0","0","0"
"488",14,"Terrace Marshall Jr.",SF,"23.4","0","0","19","139","0","0","0","0"
"489",14,"David Bell",CLE,"41.7","0","0","14","167","3","0","0","0"
"490",14,"Isaiah Williams",DET,"0","0","0","0","0","0","0","0","0"
"491",14,"Joey Slye",NE,"102","0","0","0","0","0","0","0","0"
"492",14,"Riley Patterson",FA,"93","0","0","0","0","0","0","0","0"
"493",14,"Frank Gore Jr.",BUF,"0","0","0","0","0","0","0","0","0"
"494",14,"Brett Maher",FA,"77","0","0","0","0","0","0","0","0"
"495",14,"MyCole Pruitt",PIT,"21.5","0","0","9","110","1","0","0","0"
"496",14,"Trent Sherfield Sr.",MIN,"20.1","0","0","11","86","1","0","0","0"
"497",14,"John Bates",WAS,"24.6","0","0","19","151","0","0","0","0"
"498",14,"Connor Heyward",PIT,"28.2","0","0","23","167","0","1","0","0"
"499",14,"Carson Wentz",KC,"27.1","163","2","0","0","0","17","56","1"
"500",14,"Payne Durham",TB,"8.3","0","0","5","58","0","0","0","0"
"501",14,"Tip Reiman",ARI,"0","0","0","0","0","0","0","0","0"
"502",14,"Luke Farrell",JAC,"22","0","0","13","155","0","0","0","0"
"503",14,"Cade York",WAS,"0","0","0","0","0","0","0","0","0"
"504",14,"Scotty Miller",PIT,"33.6","0","0","11","161","2","0","0","0"
"505",14,"Julian Hill",MIA,"5.8","0","0","6","48","0","0","0","0"
"506",14,"Drew Ogletree",IND,"31.2","0","0","9","147","2","0","0","0"
"507",14,"Irv Smith Jr.",FA,"24.5","0","0","18","115","1","0","0","0"
"508",14,"Josh Johnson",BAL,"0","0","0","0","0","0","0","0","0"
"509",14,"Jha'Quan Jackson",TEN,"0","0","0","0","0","0","0","0","0"
"510",14,"Myles Gaskin",MIN,"0","0","0","0","0","0","0","0","0"
"511",14,"Anthony Gould",IND,"0","0","0","0","0","0","0","0","0"
"512",14,"Hunter Luepke",DAL,"11.2","0","0","3","18","0","6","19","1"
"513",14,"Dillon Johnson",FA,"0","0","0","0","0","0","0","0","0"
"514",14,"Justyn Ross",KC,"8.3","0","0","6","53","0","0","0","0"
"515",14,"Daurice Fountain",FA,"0","0","0","0","0","0","0","0","0"
"516",14,"Zach Wilson",DEN,"126.9","2271","8","0","0","0","36","211","0"
"517",14,"Denzel Mims",FA,"0","0","0","0","0","0","0","0","0"
"518",14,"Jordan Mims",NO,"0","0","0","0","0","0","0","0","0"
"519",14,"Quez Watkins",PIT,"27.7","0","0","15","142","1","0","0","0"
"520",14,"Isaiah Hodgins",NYG,"49.5","0","0","21","230","3","0","0","0"
"521",14,"Jalen Guyton",LV,"19.9","0","0","10","89","1","0","0","0"
"522",14,"Jimmy Garoppolo",LAR,"73.1","1205","7","0","0","0","20","39","0"
"523",14,"Kendall Milton",CIN,"0","0","0","0","0","0","0","0","0"
"524",14,"Leonard Fournette",FA,"4","0","0","0","0","0","12","40","0"
"525",14,"Marcus Rosemy-Jacksaint",PHI,"0","0","0","0","0","0","0","0","0"
"526",14,"Mason Rudolph",TEN,"39.6","719","3","0","0","0","10","8","0"
"527",14,"Emani Bailey",KC,"0","0","0","0","0","0","0","0","0"
"528",14,"Ian Thomas",CAR,"8.1","0","0","5","56","0","0","0","0"
"529",14,"Boston Scott",PIT,"13.8","0","0","4","52","0","20","86","0"
"530",14,"Harrison Bryant",LV,"31.4","0","0","13","81","3","5","8","0"
"531",14,"Cornelius Johnson",LAC,"0","0","0","0","0","0","0","0","0"
"532",14,"DJ Turner",LV,"0","0","0","0","0","0","0","0","0"
"533",14,"Michael Burton",DEN,"5.2","0","0","3","8","0","7","9","0"
"534",14,"Dante Miller",NYG,"0","0","0","0","0","0","0","0","0"
"535",14,"Zach Evans",FA,"1.9","0","0","0","0","0","9","19","0"
"536",14,"Dallin Holker",NO,"0","0","0","0","0","0","0","0","0"
"537",14,"Reggie Gilliam",BUF,"0.8","0","0","1","3","0","0","0","0"
"538",14,"Allen Robinson II",DET,"45","0","0","34","280","0","0","0","0"
"539",14,"George Holani",SEA,"0","0","0","0","0","0","0","0","0"
"540",14,"Arizona Cardinals",ARI,"65","0","0","0","0","0","0","0","0"
"541",14,"Adam Prentice",NO,"1.4","0","0","2","12","0","2","12","0"
"542",14,"Robbie Chosen",MIA,"20.6","0","0","4","126","1","0","0","0"
"543",14,"Brenton Strange",JAC,"12","0","0","5","35","1","0","0","0"
"544",14,"James Mitchell",DET,"3.8","0","0","2","28","0","0","0","0"
"545",14,"Andy Dalton",CAR,"23.6","361","2","0","0","0","3","12","0"
"546",14,"Chad Ryland",FA,"81","0","0","0","0","0","0","0","0"
"547",14,"Mason Tipton",NO,"0","0","0","0","0","0","0","0","0"
"548",14,"Nick Vannett",TEN,"0.8","0","0","1","3","0","0","0","0"
"549",14,"Trey Lance",DAL,"0","0","0","0","0","0","0","0","0"
"550",14,"DeWayne McBride",FA,"0","0","0","0","0","0","0","0","0"
"551",14,"Jesper Horsted",FA,"0.9","0","0","1","4","0","0","0","0"
"552",14,"Dylan Parham",FA,"0","0","0","0","0","0","0","0","0"
"553",14,"Ross Dwelley",ATL,"1.7","0","0","1","12","0","0","0","0"
"554",14,"Malik Heath",GB,"26","0","0","15","125","1","0","0","0"
"555",14,"N'Keal Harry",MIN,"0","0","0","0","0","0","0","0","0"
"556",14,"Mitchell Trubisky",BUF,"53.7","632","4","0","0","0","16","54","2"
"557",14,"Desmond Ridder",ARI,"188.6","2836","12","0","0","0","53","193","5"
"558",14,"Peyton Hendershot",KC,"5.8","0","0","4","38","0","1","0","0"
"559",14,"Charlie Kolar",BAL,"18.2","0","0","7","87","1","0","0","0"
"560",14,"Isaiah Williams",FA,"0","0","0","0","0","0","0","0","0"
"561",14,"Khari Blasingame",CHI,"4.3","0","0","3","2","0","8","26","0"
"562",14,"Emeka Egbuka",FA,"0","0","0","0","0","0","0","0","0"
"563",14,"Jalen Coker",CAR,"0","0","0","0","0","0","0","0","0"
"564",15,"David Moore",CAR,"17.9","0","0","5","94","1","0","0","0"
"565",15,"Kayshon Boutte",NE,"2.9","0","0","2","19","0","0","0","0"
"566",15,"Tyrion Davis-Price",PHI,"2.1","0","0","0","0","0","6","21","0"
"567",15,"Tanner McLachlan",CIN,"0","0","0","0","0","0","0","0","0"
"568",15,"Zach Pascal",ARI,"3.9","0","0","4","19","0","0","0","0"
"569",15,"Velus Jones Jr.",CHI,"9.1","0","0","4","20","0","8","51","0"
"570",15,"Joe Parker",FA,"0","0","0","0","0","0","0","0","0"
"571",15,"Albert Okwuegbunam Jr.",PHI,"0","0","0","0","0","0","0","0","0"
"572",15,"Xavier Weaver",ARI,"0","0","0","0","0","0","0","0","0"
"573",15,"Chris Manhertz",NYG,"2.6","0","0","2","16","0","0","0","0"
"574",15,"Ko Kieft",TB,"6.7","0","0","1","2","1","0","0","0"
"575",15,"Kyle Philips",FA,"23.6","0","0","15","181","0","0","0","0"
"576",15,"Mike White",BUF,"3.1","74","1","0","0","0","8","-9","0"
"577",15,"Demetric Felton Jr.",FA,"0","0","0","0","0","0","0","0","0"
"578",15,"Devin Culp",TB,"0","0","0","0","0","0","0","0","0"
"579",15,"Ronald Jones II",FA,"0","0","0","0","0","0","0","0","0"
"580",15,"Josiah Deguara",JAC,"10.5","0","0","8","65","0","0","0","0"
"581",15,"Daijun Edwards",FA,"0","0","0","0","0","0","0","0","0"
"582",15,"Darrynton Evans",BUF,"26.5","0","0","7","49","0","32","121","1"
"583",15,"Grant Calcaterra",PHI,"5.9","0","0","4","39","0","0","0","0"
"584",15,"Jack Stoll",PHI,"6.3","0","0","5","38","0","0","0","0"
"585",15,"Quintin Morris",BUF,"9.6","0","0","2","26","1","0","0","0"
"586",15,"Simi Fehoko",LAC,"7.4","0","0","1","9","1","0","0","0"
"587",15,"Gary Brightwell",CLE,"9.1","0","0","5","47","0","9","19","0"
"588",15,"Jamal Agnew",FA,"33.3","0","0","14","225","1","4","-2","0"
"589",15,"Samori Toure",CHI,"11.8","0","0","8","78","0","0","0","0"
"590",15,"Stephen Sullivan",FA,"18.5","0","0","12","125","0","0","0","0"
"591",15,"Owen Wright",BAL,"0","0","0","0","0","0","0","0","0"
"592",15,"Tahj Washington",MIA,"0","0","0","0","0","0","0","0","0"
"593",15,"Grant DuBose",MIA,"0","0","0","0","0","0","0","0","0"
"594",15,"Ben Sims",GB,"10.1","0","0","4","21","1","0","0","0"
"595",15,"Sterling Shepard",TB,"15.3","0","0","10","57","1","1","6","0"
"596",15,"Hunter Long",LAR,"0","0","0","0","0","0","0","0","0"
"597",15,"Kenny Yeboah",NYJ,"3.8","0","0","2","28","0","0","0","0"
"598",15,"Daniel Helm",FA,"0","0","0","0","0","0","0","0","0"
"599",15,"KJ Hamler",BUF,"0","0","0","0","0","0","0","0","0"
"600",15,"Carlos Washington Jr.",ATL,"0","0","0","0","0","0","0","0","0"
"601",15,"Antoine Green",FA,"0.7","0","0","1","2","0","0","0","0"
"602",15,"Lil'Jordan Humphrey",DEN,"40.7","0","0","13","162","3","0","0","0"
"603",15,"Jakob Johnson",FA,"1.7","0","0","1","12","0","0","0","0"
"604",15,"Tucker Fisk",LAC,"1.4","0","0","1","9","0","0","0","0"
"605",15,"Lawrence Cager",NYG,"11.6","0","0","4","36","1","0","0","0"
"606",15,"Chris Blair",ATL,"0","0","0","0","0","0","0","0","0"
"607",15,"Geoff Swaim",FA,"14.4","0","0","10","94","0","0","0","0"
"608",15,"Tyler Mabry",SEA,"0","0","0","0","0","0","0","0","0"
"609",15,"Trevon Wesco",FA,"2.6","0","0","1","21","0","0","0","0"
"610",15,"Michael Wiley",WAS,"0","0","0","0","0","0","0","0","0"
"611",15,"Nick Guggemos",FA,"0","0","0","0","0","0","0","0","0"
"612",15,"Tyler Kroft",FA,"0","0","0","0","0","0","0","0","0"
"613",15,"Teagan Quitoriano",HOU,"4.3","0","0","2","33","0","0","0","0"
"614",15,"Zack Kuntz",NYJ,"0","0","0","0","0","0","0","0","0"
"615",15,"Deonte Harty",BAL,"32.5","0","0","15","150","1","4","0","0"
"616",15,"Stephen Carlson",CHI,"0","0","0","0","0","0","0","0","0"
"617",15,"Byron Pringle",WAS,"21.1","0","0","14","161","0","0","0","0"
"618",15,"Michael Jacobson",NO,"0","0","0","0","0","0","0","0","0"
"619",15,"Aaron Shampklin",FA,"0","0","0","0","0","0","0","0","0"
"620",15,"Tommy Hudson",NO,"0","0","0","0","0","0","0","0","0"
"621",15,"Tyrell Shavers",BUF,"0","0","0","0","0","0","0","0","0"
"622",15,"Jimmy Graham",FA,"30.9","0","0","6","39","4","0","0","0"
"623",15,"Malik Willis",GB,"3.1","74","0","0","0","0","5","21","0"
"624",15,"Brayden Willis",SF,"0","0","0","0","0","0","0","0","0"
"625",15,"Ronnie Bell",SF,"27.8","0","0","6","68","3","0","0","0"
"626",15,"DeAndre Carter",CHI,"7.7","0","0","4","39","0","3","18","0"
"627",15,"Nick Boyle",FA,"0","0","0","0","0","0","0","0","0"
"628",15,"Equanimeous St. Brown",NO,"8.7","0","0","5","62","0","0","0","0"
"629",15,"Brycen Hopkins",FA,"10.3","0","0","5","78","0","0","0","0"
"630",15,"Ihmir Smith-Marsette",FA,"28.5","0","0","8","51","0","8","74","1"
"631",15,"Ashton Dulin",IND,"0","0","0","0","0","0","0","0","0"
"632",15,"Eric Tomlinson",LAC,"0","0","0","0","0","0","0","0","0"
"633",15,"Trestan Ebner",FA,"0","0","0","0","0","0","0","0","0"
"634",15,"Rodney Williams",PIT,"0","0","0","0","0","0","0","0","0"
"635",15,"Sean McKeon",IND,"0","0","0","0","0","0","0","0","0"
"636",15,"Zach Davidson",BUF,"0","0","0","0","0","0","0","0","0"
"637",15,"Cooper Rush",DAL,"4.3","144","0","0","0","0","12","-5","0"
"638",15,"Tyler Huntley",BAL,"25.6","203","3","0","0","0","15","55","0"
"639",15,"Noah Togiai",FA,"0","0","0","0","0","0","0","0","0"
"640",15,"Zach Gentry",FA,"0","0","0","0","0","0","0","0","0"
"641",15,"Anthony Firkser",NYJ,"0","0","0","0","0","0","0","0","0"
"642",15,"Tyree Jackson",FA,"0","0","0","0","0","0","0","0","0"
"643",15,"Lew Nichols III",FA,"0","0","0","0","0","0","0","0","0"
"644",15,"Curtis Hodges",FA,"0","0","0","0","0","0","0","0","0"
"645",15,"Jonathan Ward",PIT,"1.1","0","0","0","0","0","3","11","0"
"646",15,"Tylan Wallace",BAL,"7.6","0","0","1","11","0","0","0","0"
"647",15,"Tyler Davis",GB,"0","0","0","0","0","0","0","0","0"
"648",15,"Josh Crockett",FA,"0","0","0","0","0","0","0","0","0"
"649",15,"Chris Conley",SF,"8.4","0","0","3","69","0","0","0","0"
"650",15,"Tommy Sweeney",FA,"0","0","0","0","0","0","0","0","0"
"651",15,"Blake Bell",FA,"9.1","0","0","5","26","1","0","0","0"
"652",15,"Nick Bawden",FA,"10","0","0","3","21","0","2","4","1"
"653",15,"James Robinson",FA,"0.5","0","0","1","-2","0","1","2","0"
"654",15,"Hendon Hooker",DET,"0","0","0","0","0","0","0","0","0"
"655",15,"Stetson Bennett",LAR,"0","0","0","0","0","0","0","0","0"
"656",15,"Ramel Keyton",LV,"0","0","0","0","0","0","0","0","0"
"657",15,"Louis Rees-Zammit",JAC,"0","0","0","0","0","0","0","0","0"
"658",15,"Chris Brooks",FA,"10.6","0","0","0","0","0","19","106","0"
"659",15,"Jordan Scarlett",FA,"0","0","0","0","0","0","0","0","0"
"660",15,"Brady Russell",SEA,"0","0","0","0","0","0","0","0","0"
"661",15,"Bryan Thompson",FA,"0","0","0","0","0","0","0","0","0"
"662",15,"Dante Pettis",CHI,"0","0","0","0","0","0","0","0","0"
"663",15,"Derrick Gore",FA,"2.6","0","0","0","0","0","3","26","0"
"664",15,"Andrew Beck",GB,"33.3","0","0","11","55","2","5","3","1"
"665",15,"Brandon Bolden",FA,"11.1","0","0","0","0","0","4","31","1"
"666",15,"Trishton Jackson",MIN,"3.9","0","0","2","9","0","0","0","0"
"667",15,"Jashaun Corbin",FA,"2.8","0","0","3","12","0","1","1","0"
"668",15,"Brandon Johnson",PIT,"63.9","0","0","19","284","4","0","0","0"
"669",15,"Donovan Edwards",FA,"0","0","0","0","0","0","0","0","0"
"670",15,"Zonovan Knight",FA,"2.6","0","0","1","8","0","3","13","0"
"671",15,"Patrick Laird",FA,"0","0","0","0","0","0","0","0","0"
"672",15,"TreVeyon Henderson",FA,"0","0","0","0","0","0","0","0","0"
"673",15,"Ty Montgomery II",FA,"7.4","0","0","5","40","0","3","9","0"
"674",15,"Jalen Reagor",NE,"25","0","0","7","138","0","1","17","0"
"675",15,"Jason Brownlee",NYJ,"14.1","0","0","5","56","1","0","0","0"
"676",15,"Anthony McFarland Jr.",FA,"2.1","0","0","2","11","0","0","0","0"
"677",15,"Russell Gage",FA,"0","0","0","0","0","0","0","0","0"
"678",15,"Dontrell Hilliard",FA,"0","0","0","0","0","0","0","0","0"
"679",15,"Mike Boone",CAR,"9.8","0","0","7","40","0","5","23","0"
"680",15,"Jermar Jefferson",DET,"0","0","0","0","0","0","0","0","0"
"681",15,"Tyler Johnson",LAR,"7.8","0","0","2","8","1","0","0","0"
"682",15,"Snoop Conner",FA,"0","0","0","0","0","0","0","0","0"
"683",15,"Tony Jones Jr.",FA,"28.7","0","0","7","37","0","26","95","2"
"684",15,"La'Mical Perine",GB,"12.5","0","0","3","33","0","22","77","0"
"685",16,"Bryson Nesbit",FA,"0","0","0","0","0","0","0","0","0"
"686",16,"Jonathan Williams",FA,"-0.2","0","0","0","0","0","1","-2","0"
"687",16,"Wendell Smallwood",FA,"0","0","0","0","0","0","0","0","0"
"688",16,"Deven Thompkins",FA,"26.4","0","0","17","83","1","8","56","0"
"689",16,"Jaxon Janke",FA,"0","0","0","0","0","0","0","0","0"
"690",16,"Pooka Williams Jr.",FA,"0","0","0","0","0","0","0","0","0"
"691",16,"Tommy DeVito",NYG,"96.5","1101","8","0","0","0","36","195","1"
"692",16,"Rakim Jarrett",TB,"8","0","0","4","60","0","1","0","0"
"693",16,"Jody Fortson Jr.",FA,"0","0","0","0","0","0","0","0","0"
"694",16,"John Ross",FA,"0","0","0","0","0","0","0","0","0"
"695",16,"Bisi Johnson",FA,"0","0","0","0","0","0","0","0","0"
"696",16,"Clayton Tune",ARI,"9.5","62","0","0","0","0","8","30","1"
"697",16,"Tulu Griffin",CLE,"0","0","0","0","0","0","0","0","0"
"698",16,"Jack Westover",FA,"0","0","0","0","0","0","0","0","0"
"699",16,"Miles Boykin",FA,"3.2","0","0","3","17","0","0","0","0"
"700",16,"Dee Eskridge",MIA,"0.5","0","0","0","0","0","2","5","0"
"701",16,"Skylar Thompson",MIA,"0","0","0","0","0","0","0","0","0"
"702",16,"Jeff Foreman",LV,"0","0","0","0","0","0","0","0","0"
"703",16,"Alex Erickson",FA,"37.2","0","0","16","232","1","0","0","0"
"704",16,"Devron Harper",FA,"0","0","0","0","0","0","0","0","0"
"705",16,"Deon Jackson",FA,"1.5","0","0","5","14","0","14","16","0"
"706",16,"Josh Ali",FA,"0","0","0","0","0","0","0","0","0"
"707",16,"Ty James",FA,"0","0","0","0","0","0","0","0","0"
"708",16,"Nikko Remigio",KC,"0","0","0","0","0","0","0","0","0"
"709",16,"Lynn Bowden Jr.",FA,"17","0","0","11","83","0","5","32","0"
"710",16,"Tejhaun Palmer",ARI,"0","0","0","0","0","0","0","0","0"
"711",16,"Marquez Callaway",FA,"0","0","0","0","0","0","0","0","0"
"712",16,"Richie James Jr.",FA,"14.4","0","0","10","114","0","0","0","0"
"713",16,"Marquise Goodwin",FA,"12","0","0","4","67","0","4","33","0"
"714",16,"Tre'Quan Smith",DET,"0","0","0","0","0","0","0","0","0"
"715",16,"Logan Parker",FA,"0","0","0","0","0","0","0","0","0"
"716",16,"Darrell Henderson Jr.",FA,"38.5","0","0","10","103","0","46","112","2"
"717",16,"Easton Stick",LAC,"68.1","1129","3","0","0","0","27","144","1"
"718",16,"Justin Shorter",LV,"0","0","0","0","0","0","0","0","0"
"719",16,"Britain Covey",PHI,"6.2","0","0","4","42","0","0","0","0"
"720",16,"River Cracraft",MIA,"22.6","0","0","9","121","1","0","0","0"
"721",16,"Kyle Trask",TB,"-0.1","0","0","0","0","0","1","-1","0"
"722",16,"Mike Strachan",FA,"5","0","0","1","45","0","0","0","0"
"723",16,"Laquon Treadwell",IND,"2.1","0","0","1","16","0","0","0","0"
"724",16,"Stanley Morgan Jr.",FA,"0","0","0","0","0","0","0","0","0"
"725",16,"Daniel Arias",FA,"0","0","0","0","0","0","0","0","0"
"726",16,"Lance McCutcheon",FA,"0","0","0","0","0","0","0","0","0"
"727",16,"Tim Jones",JAC,"13.8","0","0","11","83","0","0","0","0"
"728",16,"Irvin Charles",NYJ,"0","0","0","0","0","0","0","0","0"
"729",16,"Case Keenum",HOU,"12.7","291","1","0","0","0","2","1","0"
"730",16,"Quintez Cephus",FA,"0","0","0","0","0","0","0","0","0"
"731",16,"Juwann Winfree",IND,"0","0","0","0","0","0","0","0","0"
"732",16,"Taylor Heinicke",LAC,"70","890","5","0","0","0","15","124","1"
"733",16,"Hakeem Butler",FA,"0","0","0","0","0","0","0","0","0"
"734",16,"Tyson Bagent",CHI,"59.3","859","3","0","0","0","23","109","2"
"735",16,"Trent Taylor",SF,"-2.2","0","0","0","0","0","1","-2","0"
"736",16,"Kaylon Geiger Sr.",FA,"0","0","0","0","0","0","0","0","0"
"737",16,"Randall Cobb",FA,"14.4","0","0","5","39","1","0","0","0"
"738",16,"Anthony Schwartz",MIA,"0","0","0","0","0","0","0","0","0"
"739",16,"Jeff Cotton Jr.",FA,"0","0","0","0","0","0","0","0","0"
"740",16,"Malik Taylor",NYJ,"2.3","0","0","2","13","0","0","0","0"
"741",16,"Austin Trammell",JAC,"2.9","0","0","4","29","0","0","0","0"
"742",16,"Danny Gray",FA,"0","0","0","0","0","0","0","0","0"
"743",16,"Cody Thompson",TB,"1.5","0","0","1","10","0","0","0","0"
"744",16,"Penny Hart",FA,"0","0","0","0","0","0","0","0","0"
"745",16,"Willie Snead IV",FA,"2.4","0","0","2","14","0","0","0","0"
"746",16,"D.J. Montgomery",IND,"13.1","0","0","3","56","1","0","0","0"
"747",16,"James Proche II",CLE,"-2","0","0","0","0","0","0","0","0"
"748",16,"Dax Milne",FA,"0","0","0","0","0","0","0","0","0"
"749",16,"Marcus Kemp",FA,"0","0","0","0","0","0","0","0","0"
"750",16,"Jacob Harris",FA,"0","0","0","0","0","0","0","0","0"
"751",16,"Ben Skowronek",PIT,"17.5","0","0","8","66","1","2","9","0"
"752",16,"Devine Ozigbo",FA,"1.8","0","0","1","8","0","3","5","0"
"753",16,"Keith Kirkwood",BAL,"12.2","0","0","5","37","1","0","0","0"
"754",16,"Andy Isabella",FA,"0","0","0","0","0","0","0","0","0"
"755",16,"Marvin Jones Jr.",FA,"4","0","0","5","35","0","0","0","0"
"756",16,"Damiere Byrd",FA,"0","0","0","0","0","0","0","0","0"
"757",16,"James Butler",FA,"0","0","0","0","0","0","0","0","0"
"758",16,"Anthony Miller",BAL,"0","0","0","0","0","0","0","0","0"
"759",16,"Raheim Sanders",FA,"0","0","0","0","0","0","0","0","0"
"760",16,"J. Michael Sturdivant",FA,"0","0","0","0","0","0","0","0","0"
"761",16,"Erik Ezukanma",MIA,"2.2","0","0","0","0","0","5","22","0"
"762",16,"Reggie Begelton",FA,"0","0","0","0","0","0","0","0","0"
"763",16,"Julio Jones",FA,"30.9","0","0","11","74","3","0","0","0"
"764",16,"Tyre Brady",FA,"0","0","0","0","0","0","0","0","0"
"765",16,"De'Corian Clark",FA,"0","0","0","0","0","0","0","0","0"
"766",16,"Moose Muhammad III",FA,"0","0","0","0","0","0","0","0","0"
"767",16,"Tory Horton",FA,"0","0","0","0","0","0","0","0","0"
"768",16,"Theo Wease",FA,"0","0","0","0","0","0","0","0","0"